SampleID	Override or Append	Comment
NKP210311	Override	nutrient data QA'ed out, hold time 47 days
RCB220906	Override	nutrient data QA'ed out, sample bottle contaminated
RKS221108	Override	nutrient data QA'ed out, ambiguous sample ID
RKT221108	Override	nutrient data QA'ed out, ambiguous sample ID
RNS250422	Override	nutrient data lost
RPO250422	Override	nutrient data lost
RKS250422	Override	nutrient data lost
RKT250422	Override	nutrient data lost
RCB250422	Override	nutrient data lost
RWA250422	Override	nutrient data lost
PLH250423	Override	nutrient data lost
PLT250423	Override	nutrient data lost
OCO250423	Override	nutrient data lost
OMM250423	Override	nutrient data lost
OUB250423	Override	nutrient data lost
OPP250423	Override	nutrient data lost
RHL250424	Override	nutrient data lost
RON250424	Override	nutrient data lost
RFS250424	Override	nutrient data lost
RKO250424	Override	nutrient data lost
RKV250424	Override	nutrient data lost
LMT250425	Override	nutrient data lost
LMR250425	Override	nutrient data lost
LPS250425	Override	nutrient data lost
LLH250425	Override	nutrient data lost
PFF250425	Override	nutrient data lost